순위,채널명,카테고리,구독자수,조회수,비디오수
1,BLACKPINK,음악/댄스/가수,91400000,33227510000,571
2,BANGTANTV,음악/댄스/가수,76400000,21360690000,2336
3,HYBE LABELS,음악/댄스/가수,72700000,30124270000,1435
4,SMTOWN,음악/댄스/가수,32100000,27903520000,4229
5,JYP Entertainment,음악/댄스/가수,27900000,20584660000,1843
6,Boram Tube Vlog [보람튜브 브이로그],키즈/어린이,26500000,11052880000,223
7,1MILLION Dance Studio,음악/댄스/가수,26200000,7982240000,6102
8,1theK (원더케이),음악/댄스/가수,24600000,24242830000,19236
9,Alan Becker,미분류,24400000,5849970000,173
10,Mnet K-POP,음악/댄스/가수,20600000,15322960000,33851
11,KBS WORLD TV,TV/방송,19200000,15414510000,66008
12,officialpsy,음악/댄스/가수,18300000,10864730000,131
13,Jane ASMR 제인,음식/요리/레시피,17800000,7341220000,1950
14,JFlaMusic,음악/댄스/가수,17500000,3824160000,334
15,TWICE,음악/댄스/가수,16300000,5317820000,1234
16,Hongyu ASMR 홍유,음식/요리/레시피,15300000,5217020000,654
17,BIGBANG,음악/댄스/가수,15100000,7950960000,776
18,GH'S,미분류,14800000,10175010000,565
19,승비니 Seungbini,미분류,14700000,10860440000,701
20,서은일상이야기,키즈/어린이,14600000,600600000,366
21,Boram Tube ToysReview [보람튜브 토이리뷰],키즈/어린이,14500000,5025780000,627
22,Stray Kids,음악/댄스/가수,14200000,3715040000,874
23,BIBO와 장난감,키즈/어린이,12900000,3202230000,194
24,[햄지]Hamzy,음식/요리/레시피,11800000,4087830000,699
25,CRAZY GREAPA,미분류,11700000,9656300000,847
26,핑크퐁 (인기 동요・동화),키즈/어린이,11200000,7226100000,3283
27,TOMORROW X TOGETHER OFFICIAL,음악/댄스/가수,11100000,1597980000,1705
29,토이몽 TV - ToyMong Tv,키즈/어린이,11000000,4521970000,1381
28,DuDuPopTOY,키즈/어린이,11000000,5111490000,2662
30,Stone Music Entertainment,음악/댄스/가수,10700000,9700740000,10571
31,MBCkpop,TV/방송,10500000,9216290000,47520
33,쏘영 Ssoyoung,음식/요리/레시피,10200000,1748620000,861
32,SEVENTEEN,음악/댄스/가수,10200000,4576820000,1653
34,Larva TUBA,키즈/어린이,10000000,4557230000,2139
35,EXO,음악/댄스/가수,9550000,1037990000,471
36,M2,TV/방송,9430000,8568960000,21044
37,Boram Tube [宝蓝和朋友们],키즈/어린이,9360000,2540400000,506
38,서은이야기[SeoeunStory],키즈/어린이,9330000,1834310000,1204
39,문복희 Eat with Boki,음식/요리/레시피,9260000,2638020000,762
40,Mnet TV,음악/댄스/가수,9070000,11748370000,22580
41,Serie A,해외,9000000,3604730000,26335
42,MBCentertainment,뉴스/정치/사회,8980000,17135240000,99873
44,iKON,음악/댄스/가수,8790000,2593830000,664
43,tzuyang쯔양,음식/요리/레시피,8790000,2124910000,589
45,이지금 [IU Official],음악/댄스/가수,8720000,2248840000,198
46,ITZY,음악/댄스/가수,8620000,2357500000,1258
47,ENHYPEN,음악/댄스/가수,8550000,1496010000,1002
48,KBS Kpop,TV/방송,8180000,7713700000,41599
49,JTBC Entertainment,뉴스/정치/사회,7710000,11978240000,81161
50,스브스케이팝 X INKIGAYO,TV/방송,7700000,6195350000,33965
51,MariAndKids,키즈/어린이,7630000,2252000000,698
52,YG ENTERTAINMENT,음악/댄스/가수,7610000,1959930000,411
53,야미보이 Yummyboy,음식/요리/레시피,7510000,3150780000,1080
54,SonicToy소닉토이,키즈/어린이,7260000,3158220000,170
55,TREASURE (트레저),음악/댄스/가수,7250000,2303390000,886
56,미니특공대TV,키즈/어린이,7150000,4010050000,1476
57,Sungha Jung,음악/댄스/가수,7110000,1972020000,1393
58,NLE CHOPPA,미분류,7040000,2706200000,570
59,MAMAMOO,음악/댄스/가수,6970000,2436520000,856
60,5 분 Tricks,음식/요리/레시피,6960000,2926010000,4801
61,(G)I-DLE (여자)아이들 (Official YouTube Channel),음악/댄스/가수,6930000,3511440000,778
62,ALL THE K-POP,음악/댄스/가수,6880000,4620030000,28286
63,SBS Entertainment,TV/방송,6850000,9005780000,228076
64,YouTube Originals,회사/오피셜,6760000,646610000,477
65,tvN drama,TV/방송,6750000,7951560000,55193
66,SBS Drama,TV/방송,6690000,7510650000,346749
67,[장난감티비]TOYTV,키즈/어린이,6650000,3032840000,1739
68,With Kids Playground [위드키즈 놀이터],키즈/어린이,6510000,2367450000,528
71,Rosesarerosie,음악/댄스/가수,6490000,89760000,11
70,NCT DREAM,음악/댄스/가수,6490000,1477450000,685
69,Samsung,회사/오피셜,6490000,1480350000,1939
72,GOT7,음악/댄스/가수,6250000,916340000,579
73,미니팡TV,키즈/어린이,6140000,3929070000,960
75,NCT,음악/댄스/가수,6090000,1024980000,817
74,starshipTV,음악/댄스/가수,6090000,4296060000,2179
77,PONY Syndrome,패션/미용,5970000,343980000,241
76,백종원 PAIK JONG WON,음식/요리/레시피,5970000,1004540000,568
78,PinkyPopTOY,키즈/어린이,5780000,1011480000,841
79,NewJeans,미분류,5760000,2147530000,360
80,채널 십오야,TV/방송,5750000,1676460000,931
81,영국남자 Korean Englishman,BJ/인물/연예인,5740000,2080300000,556
82,MayTree,미분류,5670000,1268410000,239
83,2NE1,음악/댄스/가수,5660000,2340190000,321
84,스위트티비 SweetTV,키즈/어린이,5550000,2876470000,436
85,TOY GUMA,키즈/어린이,5460000,1814080000,396
86,푸메Fume,음식/요리/레시피,5450000,1240290000,714
87,베이비버스 -인기 동요・동화,키즈/어린이,5400000,3906670000,1750
88,SBS NOW / SBS 공식 채널,뉴스/정치/사회,5380000,6088600000,25571
89,NCT 127,음악/댄스/가수,5340000,990640000,562
90,Red Velvet,음악/댄스/가수,5330000,1394140000,299
91,BT21,음악/댄스/가수,5320000,501720000,414
92,콩순이 Kongsuni,키즈/어린이,5260000,5071700000,1486
93,KBS Entertain,TV/방송,5250000,9408850000,121193
94,ASTRO 아스트로,음악/댄스/가수,5230000,685400000,648
95,팀일루션 노성율 - TEAM1LLUSION,미분류,5170000,5553810000,755
96,[Awesome Haeun]어썸하은,BJ/인물/연예인,5160000,878250000,521
97,뽀로로(Pororo),키즈/어린이,5150000,7104040000,4327
98,MBCdrama,TV/방송,5000000,5919970000,61369
99,EA SPORTS FC,게임,4970000,879550000,814
100,떵개떵,음식/요리/레시피,4950000,3063620000,5037
101,매일맛나 delicious day,미분류,4940000,526530000,368
102,CoCosToy 꼬꼬스토이,키즈/어린이,4880000,3179560000,747
104,SBS TV동물농장x애니멀봐,애완/반려동물,4870000,4762930000,4530
103,Cooking tree 쿠킹트리,음식/요리/레시피,4870000,515020000,1647
105,ToyMart TV,키즈/어린이,4850000,1999170000,763
106,까니짱 [ G-NI : 蟹ちゃん],음식/요리/레시피,4810000,1455340000,830
107,JTBC Drama,TV/방송,4800000,5418170000,29138
108,STUDIO CHOOM [스튜디오 춤],음악/댄스/가수,4770000,2749900000,1775
109,행복지수 103%,미분류,4720000,56210000,17
110,딩고 뮤직 / dingo music,TV/방송,4660000,2078590000,2128
112,소맥거핀,게임,4540000,1842130000,331
111,JaeYeol ASMR 재열,취미/라이프,4540000,1421930000,1308
113,tvN D ENT,TV/방송,4510000,9969460000,30644
114,채널 NCT DAILY,TV/방송,4470000,862300000,467
115,Walt Disney Studios,미분류,4460000,1969040000,1468
116,Raon,음악/댄스/가수,4450000,1172730000,451
118,ZOEY ASMR 조이,음식/요리/레시피,4380000,1197040000,898
117,하루한끼 one meal a day,음식/요리/레시피,4380000,477640000,225
119,슈슈토이 ShushuToysReview,키즈/어린이,4320000,1428290000,495
120,Juventus,미분류,4230000,996670000,4429
121,ARTBEAT,BJ/인물/연예인,4200000,1538840000,3109
122,키즈팡TV,키즈/어린이,4170000,2515970000,2239
124,[Dorothy]도로시,음식/요리/레시피,4150000,1052270000,964
123,허팝Heopop,BJ/인물/연예인,4150000,3932510000,2216
125,로미유 스토리 Romiyu Story,키즈/어린이,4130000,380230000,260
126,YTN,뉴스/정치/사회,4110000,11761540000,707229
127,WINNER,음악/댄스/가수,4070000,1495570000,631
128,English Singsing,키즈/어린이,4040000,893130000,1368
130,옐언니,TV/방송,3970000,2839850000,874
129,워크맨-Workman,TV/방송,3970000,1142360000,373
132,KBS Drama,TV/방송,3940000,5440400000,133666
131,TV-People,TV/방송,3940000,4823920000,21128
133,제이제이 튜브 [JJ Tube],키즈/어린이,3930000,2583700000,515
134,tvN,TV/방송,3920000,6630030000,85730
135,푸드킹덤 Food Kingdom,음식/요리/레시피,3890000,1855160000,1193
136,LE SSERAFIM,미분류,3880000,1674820000,637
137,Jessi,음악/댄스/가수,3850000,901170000,60
138,JTBC Voyage,TV/방송,3820000,5177150000,12283
141,유니가치 YuniGachi,키즈/어린이,3800000,78850000,80
140,Lime Tube[라임튜브],키즈/어린이,3800000,2902980000,2280
139,크림히어로즈,애완/반려동물,3800000,1676140000,1095
142,EVANS,키즈/어린이,3780000,40000,10
146,Like Nastya Collections,키즈/어린이,3760000,1079000000,554
145,SBS 뉴스,뉴스/정치/사회,3760000,8363430000,191802
144,MBCNEWS,뉴스/정치/사회,3760000,12750560000,205317
143,헤이지니 Hey Jini,키즈/어린이,3760000,2887260000,1628
147,Billboard,회사/오피셜,3740000,1449330000,9584
148,drawholic,취미/라이프,3730000,505570000,402
149,waveya 2011,BJ/인물/연예인,3720000,1407050000,820
150,백현 Baekhyun,음악/댄스/가수,3680000,49690000,18
152,Chihun ASMR 치훈,음식/요리/레시피,3670000,832220000,751
151,KARD,음악/댄스/가수,3670000,792190000,487
153,Milana FamilyShow[EN],키즈/어린이,3640000,1093310000,118
154,FC Bayern München,미분류,3620000,1473140000,5488
157,옛드 : MBC 레전드 드라마,TV/방송,3590000,6609330000,45413
155,장삐쭈,영화/만화/애니,3590000,1924460000,545
156,imlisarhee,음악/댄스/가수,3580000,590320000,757
158,Boram y Juguetes,키즈/어린이,3540000,860590000,463
159,Bleacher Report,미분류,3530000,2739970000,10944
161,ATEEZ,TV/방송,3520000,693990000,1120
160,JOLLY,BJ/인물/연예인,3520000,997350000,662
162,THEBLACKLABEL,음악/댄스/가수,3480000,1140710000,164
164,EBSDocumentary (EBS 다큐),TV/방송,3440000,3421610000,37268
163,Boys Playtime,키즈/어린이,3440000,1569540000,679
165,EBS 키즈,키즈/어린이,3390000,4658010000,21929
166,솔라시도 solarsido,TV/방송,3370000,253730000,409
169,차린건 쥐뿔도 없지만,미분류,3330000,307220000,36
168,JAY PARK,음악/댄스/가수,3330000,1190410000,228
167,사나고 Sanago,취미/라이프,3330000,597560000,188
170,럭키강이 LuckyKang i,키즈/어린이,3290000,1529580000,1589
171,리월드RIWORLD,키즈/어린이,3280000,1369810000,214
172,보겸TV,BJ/인물/연예인,3270000,2742840000,8928
173,유디티TV,음식/요리/레시피,3240000,701750000,1168
174,odg,취미/라이프,3220000,724910000,257
175,Louis Vuitton,미분류,3170000,532780000,642
176,꼬마버스 타요,키즈/어린이,3160000,2455700000,3133
177,Bob ToysReview,키즈/어린이,3140000,1328840000,206
180,HyunA,음악/댄스/가수,3130000,618040000,83
179,런닝맨 - 스브스 공식 채널,TV/방송,3130000,5049970000,55584
178,Adventure Story,키즈/어린이,3130000,1827730000,3984
181,TVCHOSUN - TV조선,뉴스/정치/사회,3120000,5358380000,89065
182,BABYMONSTER,미분류,3110000,439440000,46
184,MariAndToys,키즈/어린이,3100000,830000,71
183,지무비 : G Movie,영화/만화/애니,3100000,1363470000,538
185,피지컬갤러리,스포츠/운동,3090000,864960000,938
186,애정 Aejeong,음식/요리/레시피,3090000,622560000,697
187,SBS Catch,뉴스/정치/사회,3060000,3459750000,6103
188,흥삼이네 Heungsam's Family,음식/요리/레시피,3040000,1646180000,1825
190,FRAN,음식/요리/레시피,3020000,1120100000,1839
189,Thankyou BUBU,취미/라이프,3020000,606360000,134
192,JTBC News,뉴스/정치/사회,3010000,7388390000,178311
191,MariAndFriends,키즈/어린이,3010000,2261310000,2225
194,디글 :Diggle,TV/방송,3000000,6756010000,35465
195,AKMU,음악/댄스/가수,2990000,1081430000,191
193,총몇명,영화/만화/애니,2990000,1379500000,494
196,IVE,미분류,2960000,1355600000,490
197,지현꿍,음식/요리/레시피,2950000,310920000,162
198,CheezeFilm,영화/만화/애니,2940000,1044930000,413
199,김종국 GYM JONG KOOK,스포츠/운동,2930000,322320000,156
200,GIRLS' GENERATION,음악/댄스/가수,2920000,469060000,130
201,Pan K's The Pancake Artist,취미/라이프,2900000,984990000,666
202,International Couple[사샤와 제이],BJ/인물/연예인,2890000,462360000,228
203,새송 Saesong,음악/댄스/가수,2880000,326390000,260
204,양수빈,음식/요리/레시피,2860000,539860000,412
206,The Wiggles - Kids Songs and Nursery Rhymes,해외,2800000,3861140000,833
205,슈카월드,교육/강의,2800000,806000000,1491
207,나도Nado,음식/요리/레시피,2780000,847970000,958
208,짤툰,영화/만화/애니,2770000,2390860000,1617
209,쿠킹하루 Cooking Haru :),미분류,2730000,342770000,193
213,Christian Dior,미분류,2710000,625230000,1350
210,숏박스,미분류,2700000,565190000,107
211,진용진,BJ/인물/연예인,2690000,1001310000,577
212,한세 HANSE,음식/요리/레시피,2670000,457170000,702
216,Stray Kids Japan Official YouTube,미분류,2640000,379360000,219
215,THE K-POP,음악/댄스/가수,2640000,969550000,14279
214,ASMR PPOMO,취미/라이프,2640000,810310000,612
218,키에커,TV/방송,2630000,1202660000,332
217,"토닥토닥 꼬모 - 애니메이션, 동요, 놀이",키즈/어린이,2630000,3261450000,1247
219,흔한남매,BJ/인물/연예인,2620000,3235420000,1187
222,식탁일기 table diary,미분류,2590000,367270000,210
221,KQ ENTERTAINMENT,음악/댄스/가수,2590000,1319090000,653
220,보라미TV BoramiTV,키즈/어린이,2590000,911520000,626
224,ROOKIE MING 루키밍,미분류,2570000,1562320000,927
223,채널A 캔버스,뉴스/정치/사회,2570000,3646970000,44748
225,MONSTA X,음악/댄스/가수,2560000,553590000,713
227,스브스 예능맛집,TV/방송,2540000,2449980000,4852
226,KBS News,뉴스/정치/사회,2540000,5630790000,271060
228,1분요리 뚝딱이형,미분류,2520000,1219120000,982
229,대생 Daesaeng,BJ/인물/연예인,2520000,1980350000,2049
230,OfficialGDRAGON,음악/댄스/가수,2490000,210550000,3
231,SHINee,음악/댄스/가수,2480000,426190000,446
232,[Nareum_TV] 나름TV,음식/요리/레시피,2470000,877490000,958
233,Kep1er,미분류,2450000,706660000,656
236,뽀송한 준_bosungjun,미분류,2440000,268970000,394
235,미지우 MEJIWOO,패션/미용,2440000,50170000,73
234,디글 클래식 :Diggle Classic,뉴스/정치/사회,2440000,6306960000,38478
239,Sony Music (Japan),미분류,2420000,3075960000,3959
238,ITSub잇섭,IT/기술/컴퓨터,2420000,987750000,1107
237,PLAYLIST ORIGINALS 플레이리스트 오리지널,TV/방송,2420000,1093590000,895
241,피식대학Psick Univ,취미/라이프,2370000,1139190000,1085
240,ToyFamily,키즈/어린이,2370000,340000,36
244,ToytubeTV 토이튜브TV,키즈/어린이,2360000,293100000,132
243,감스트GAMST,게임,2360000,1907620000,4765
242,엔조이커플enjoycouple,BJ/인물/연예인,2360000,1095380000,805
247,요올리Yoli,키즈/어린이,2350000,1081680000,832
246,mirrorHD,음악/댄스/가수,2350000,1365870000,208
245,보길 bogil,TV/방송,2350000,988170000,1141
248,도티 TV,게임,2340000,2803860000,3454
250,SUPER JUNIOR,음악/댄스/가수,2330000,207580000,330
249,캐릭온 TV,키즈/어린이,2330000,2668210000,1117
259,Zorip - Nursery Rhymes,키즈/어린이,2320000,766530000,25
258,Lime Doodles,키즈/어린이,2320000,885680000,1500
257,free지아,패션/미용,2320000,32870000,34
256,이 남자의 cook,음식/요리/레시피,2320000,532410000,807
255,아는형님 Knowingbros,TV/방송,2320000,1613530000,4267
254,A-YEON,음악/댄스/가수,2320000,314170000,69
253,채널A 뉴스,뉴스/정치/사회,2320000,3711330000,91180
252,삼프로TV_경제의신과함께,주식/경제/부동산,2320000,1073960000,13168
251,디바제시카DeevaJessica,교육/강의,2320000,1139780000,3548
260,VIVA DANCE STUDIO,BJ/인물/연예인,2310000,487800000,3139
262,Jung Kook - Topic,미분류,2300000,221680000,24
261,여자친구 GFRIEND OFFICIAL,음악/댄스/가수,2300000,676800000,515
264,채널 NCT MUSIC,음악/댄스/가수,2290000,213850000,29
263,고몽,영화/만화/애니,2290000,1294570000,769
266,official IZ*ONE,음악/댄스/가수,2280000,822640000,270
265,창현거리노래방 streetkaraoke,음악/댄스/가수,2280000,364540000,1303
268,United CUBE (CUBE Entertainment Official YouTube Channel),음악/댄스/가수,2270000,763160000,1614
267,JerryPop,음식/요리/레시피,2270000,861060000,429
273,꿀주부 Honeyjubu,미분류,2260000,225160000,170
272,토이영어TV - ToyEnglishTV,키즈/어린이,2260000,1454800000,28
271,또봇 Tobot,키즈/어린이,2260000,2945500000,2314
270,침착맨,게임,2260000,1862850000,6640
269,RISABAE,패션/미용,2260000,319200000,488
276,XG,미분류,2250000,617080000,308
275,GOT7,음악/댄스/가수,2250000,95920000,27
274,MLD ENTERTAINMENT,음악/댄스/가수,2250000,898800000,839
278,헨리 HENRY LAU,음악/댄스/가수,2240000,253830000,366
277,[wonderkids TV] 원더키즈 TV,키즈/어린이,2230000,1053970000,1085
279,도남이먹방Donam,음식/요리/레시피,2230000,766430000,1140
280,올리버쌤,교육/강의,2210000,821040000,862
281,AOMGOFFICIAL,음악/댄스/가수,2200000,708570000,521
282,해그린달 haegreendal,BJ/인물/연예인,2190000,100460000,62
283,NMIXX,미분류,2180000,615890000,542
284,[THE SOY]루퐁이네,애완/반려동물,2170000,877810000,577
285,채널 NCT DANCE,음악/댄스/가수,2160000,219550000,42
286,MBN Entertainment,TV/방송,2150000,2301970000,73741
287,4Minute 포미닛(Official YouTube Channel),음악/댄스/가수,2140000,1401240000,82
288,dingo freestyle,TV/방송,2130000,1488000000,1400
292,SUGA - Topic,음악/댄스/가수,2120000,197140000,59
291,1theK Originals - 원더케이 오리지널,미분류,2120000,1386860000,2636
290,꿀키honeykki,음식/요리/레시피,2120000,280970000,472
289,FoodieBoy 푸디보이,음식/요리/레시피,2120000,784560000,1815
294,jannahkorea 잔나코리아,교육/강의,2110000,378750000,618
293,수리노을SuriNoel,애완/반려동물,2110000,835730000,1293
297,WildBrain 한국어,키즈/어린이,2100000,844450000,2820
296,THE BOYZ,음악/댄스/가수,2100000,680490000,907
295,잠뜰 TV,게임,2100000,3366320000,3678
300,CL Official Channel,음악/댄스/가수,2090000,299010000,72
299,EBSCulture (EBS 교양),뉴스/정치/사회,2090000,1592900000,46726
298,와썹맨-Wassup Man,BJ/인물/연예인,2090000,335040000,195
302,엠뚜루마뚜루 : MBC 공식 종합 채널,미분류,2080000,3723990000,6619
304,오킹TV,TV/방송,2080000,1158730000,2013
301,밀키복이탄이MilkyBokiTan,애완/반려동물,2080000,780840000,623
305,Allblanc TV,스포츠/운동,2070000,253820000,596
303,Imaginative Guy,취미/라이프,2070000,709820000,145
306,1분미만,미분류,2050000,690240000,386
307,밴쯔,음식/요리/레시피,2040000,1171330000,2633
309,비몽,음악/댄스/가수,2030000,1108730000,5529
311,혜안,게임,2030000,1187630000,1283
308,캐리TV 장난감친구들,키즈/어린이,2030000,2906030000,3308
310,유라야놀자(Let's play YURA),키즈/어린이,2020000,2397290000,1840
314,Teen Vogue,미분류,2010000,747860000,1487
313,CHEN,음악/댄스/가수,2010000,40200000,17
312,BTOB 비투비 (Official YouTube Channel),음악/댄스/가수,2010000,765360000,1049
315,레이디버그TV,영화/만화/애니,1990000,0,0
317,ARIRANG K-POP,음악/댄스/가수,1980000,910690000,33521
316,EXID_OFFICIAL,음악/댄스/가수,1980000,751470000,341
319,Dollightful,키즈/어린이,1970000,328540000,174
318,woolliment,음악/댄스/가수,1970000,953280000,948
324,핑키팝토이,키즈/어린이,1960000,934350000,1307
323,KBS 한국방송,TV/방송,1960000,1901280000,33160
322,loonatheworld,음악/댄스/가수,1960000,852980000,1113
321,SPOTV,스포츠/운동,1960000,1687510000,13585
320,퇴경아 약먹자,TV/방송,1960000,364120000,709
325,대문밖장덕대,키즈/어린이,1950000,940170000,1680
326,문명특급 - MMTG,TV/방송,1940000,688300000,468
327,두두팝토이,키즈/어린이,1930000,1116840000,1568
329,planD플랜디,미분류,1920000,267540000,206
328,[상윤쓰]Sangyoon,BJ/인물/연예인,1920000,484120000,228
331,DAY6,음악/댄스/가수,1910000,607590000,528
330,빠니보틀 Pani Bottle,국내/해외/여행,1910000,431420000,303
332,Toy Wizard [토이위자드],키즈/어린이,1900000,30930000,30
334,셀프어쿠스틱selfacoustic,음악/댄스/가수,1890000,517850000,277
333,슈앤트리 SHU AND TREE,애완/반려동물,1890000,477910000,599
337,V - Topic,미분류,1880000,72190000,20
336,Wimbledon,미분류,1880000,1545190000,5445
335,사피엔스 스튜디오,미분류,1880000,608890000,4911
340,Clay Adventure 클레이 모험,키즈/어린이,1870000,1111900000,1511
339,tvN D STUDIO,TV/방송,1870000,693820000,1362
338,강형욱의 보듬TV,애완/반려동물,1870000,573140000,863
343,MBN News,뉴스/정치/사회,1860000,2100380000,158863
342,Wishtrend TV,패션/미용,1860000,186660000,1138
341,뉴욕이네,키즈/어린이,1860000,877690000,906
347,김작가 TV,미분류,1850000,530660000,3195
346,ETTV 이티티비,음식/요리/레시피,1850000,945670000,1571
345,티디키즈 (인기 동요・동화),키즈/어린이,1850000,1205140000,617
344,ASMR Suna 꿀꿀선아,음식/요리/레시피,1850000,490440000,653
349,땅콩 Peanut,미분류,1840000,965440000,71
348,14F 일사에프,TV/방송,1840000,822580000,3973
352,FNCEnt,음악/댄스/가수,1830000,479880000,1691
351,내셔널지오그래픽 - National Geographic Korea,애완/반려동물,1830000,876230000,3646
350,밝은 면 Bright Side Korea,IT/기술/컴퓨터,1830000,584900000,5298
354,스터디언,교육/강의,1820000,292020000,3966
353,효진조 Hyojin Cho,패션/미용,1820000,237270000,467
355,자이언트 펭TV,키즈/어린이,1810000,500190000,645
358,진성호방송,뉴스/정치/사회,1810000,3646240000,14417
357,세바시 강연 Sebasi Talk,뉴스/정치/사회,1810000,449220000,2767
356,꾹TV(Kkuk TV),키즈/어린이,1810000,1211730000,1792
363,TAEYANG,음악/댄스/가수,1800000,267810000,67
362,OfficialLEEHI,음악/댄스/가수,1800000,554370000,106
361,데이브 World of Dave,교육/강의,1800000,473430000,688
360,입짧은햇님,음식/요리/레시피,1800000,864510000,3108
359,조재원,TV/방송,1800000,724750000,500
364,낄낄상회,취미/라이프,1790000,895020000,792
366,깨비키즈 [KEBIKIDS],키즈/어린이,1790000,2006070000,2219
368,KBS 다큐,뉴스/정치/사회,1780000,1178970000,41016
367,DJ SODA OFFICIAL,음악/댄스/가수,1780000,247400000,208
365,보물섬,BJ/인물/연예인,1780000,1606160000,665
369,한문철 TV,TV/방송,1770000,2446820000,22408
372,KBS Drama Classic,뉴스/정치/사회,1750000,1756010000,19137
371,우주하마,게임,1750000,1306110000,2425
370,HONG SOUND,음식/요리/레시피,1750000,618130000,1382
377,Super JoJo-인기동요,키즈/어린이,1740000,0,0
376,KBS HUMAN: 뭉클티비,TV/방송,1740000,1053830000,7174
375,워너뮤직코리아 (Warner Music Korea),음악/댄스/가수,1740000,1196640000,4094
374,Daily Busking,음악/댄스/가수,1740000,744970000,1056
373,악동 김블루,게임,1740000,1421300000,1477
385,신사장,미분류,1730000,2007310000,716
380,너덜트,미분류,1730000,273400000,61
379,SBS STORY,뉴스/정치/사회,1730000,2204560000,85374
378,콬TV,TV/방송,1730000,721980000,1288
387,tripleS official,미분류,1720000,240220000,1013
386,빵빵이의 일상,미분류,1720000,461760000,53
384,요리용디 Yori Yongd,미분류,1720000,1478420000,508
383,김대석 셰프TV,미분류,1720000,378520000,952
382,뉴스TVCHOSUN,뉴스/정치/사회,1720000,1734020000,92689
381,지니키즈 Genikids (인기 동요・동화),키즈/어린이,1720000,1451850000,1265
393,INTHESOOP_TV,TV/방송,1710000,52970000,76
392,T1 Faker,게임,1710000,379470000,1357
391,Dreamcatcher official,음악/댄스/가수,1710000,561010000,718
390,PENTAGON 펜타곤 (Official YouTube Channel),음악/댄스/가수,1710000,353960000,753
389,MKTV 김미경TV,TV/방송,1710000,382820000,2101
388,김시선,영화/만화/애니,1710000,467760000,471
394,츈례쌤 CRS,키즈/어린이,1700000,120000,15
397,곽튜브,국내/해외/여행,1690000,384580000,314
396,시즌비시즌 Season B Season,음악/댄스/가수,1690000,307470000,137
395,웃소 Wootso,BJ/인물/연예인,1690000,2194430000,1038
399,베베핀 Bebefinn - 키즈 인기 동요,키즈/어린이,1680000,485590000,322
398,더블비,BJ/인물/연예인,1680000,1278510000,649
402,STAYC,미분류,1670000,972140000,695
401,약사가 들려주는 약 이야기,IT/기술/컴퓨터,1670000,267870000,572
400,양띵 유튜브,게임,1670000,2137190000,9661
403,신사임당,주식/경제/부동산,1660000,338610000,1579
408,조승연의 탐구생활,교육/강의,1650000,165250000,390
407,DOJIN도진이,음악/댄스/가수,1650000,101230000,70
406,요리왕비룡 Korean Food Cooking,BJ/인물/연예인,1650000,359790000,1006
405,오마이TV,뉴스/정치/사회,1650000,1550410000,27244
404,Talk To Me In Korean,교육/강의,1650000,79600000,1749
410,Beginagain 비긴어게인,TV/방송,1640000,915720000,1890
409,버블디아,음악/댄스/가수,1640000,491960000,1370
413,스토리,미분류,1630000,441190000,91
412,미스&미스터트롯,회사/오피셜,1630000,1905240000,7019
411,이수현 Official,패션/미용,1630000,140070000,132
415,seemile Korean,교육/강의,1620000,112880000,1278
414,김재원의 즐거운 세상,게임,1620000,2212190000,2916
420,고누리,미분류,1610000,777780000,751
419,그것이 알고싶다,TV/방송,1610000,665080000,974
418,it's Live,TV/방송,1610000,555350000,808
417,NU'EST,음악/댄스/가수,1610000,282870000,687
416,먹어볼래TryToEat,음식/요리/레시피,1610000,343570000,319
421,파뿌리,음식/요리/레시피,1600000,1940630000,1771
423,브라보키즈,키즈/어린이,1590000,1676670000,2834
422,GENIE MUSIC,음악/댄스/가수,1590000,602640000,5187
433,자취요리신 simple cooking,미분류,1580000,340370000,875
426,성시경 SUNG SI KYUNG,음악/댄스/가수,1580000,652960000,464
425,김소형채널H,미분류,1580000,374360000,1087
432,PREMIUM DANCE STUDIO,미분류,1580000,565930000,2387
424,브레드이발소,키즈/어린이,1580000,844160000,1315
428,우왁굳의 게임방송,게임,1580000,1771840000,7932
427,겜브링 GGAM BRING,게임,1580000,1926930000,2813
431,힙으뜸,스포츠/운동,1570000,542390000,511
430,TJ KARAOKE TJ 노래방 공식 유튜브채널,음악/댄스/가수,1570000,2273720000,63617
429,동네놈들,TV/방송,1570000,466520000,532
436,리틀엔젤 인기동요 어린이노래 - Little Angel,키즈/어린이,1560000,819950000,430
435,뜨뜨뜨뜨,게임,1560000,879520000,1834
434,헬로카봇 - hello carbot official,키즈/어린이,1560000,1536850000,1639
438,FIFTY FIFTY Official,미분류,1550000,464320000,105
437,Car play toy,키즈/어린이,1550000,816260000,1397
444,키글TV - 키즈 앱・장난감,키즈/어린이,1540000,824930000,2146
443,히밥heebab,음식/요리/레시피,1540000,608490000,776
442,임영웅,BJ/인물/연예인,1540000,2178110000,677
441,Lemoring,음악/댄스/가수,1540000,1132390000,567
440,사물궁이 잡학지식,교육/강의,1540000,299580000,418
439,JAYKEEOUT,BJ/인물/연예인,1540000,248040000,260
446,혜리,BJ/인물/연예인,1530000,102040000,103
445,ONEUS,음악/댄스/가수,1530000,425230000,791
449,[AmiAmi]아미아미,미분류,1520000,507010000,543
448,대도서관TV (buzzbean11),게임,1520000,1542650000,10685
447,태경 TV,게임,1520000,2468510000,3269
454,Netflix Korea 넷플릭스 코리아,영화/만화/애니,1510000,621930000,2616
453,Chuther츄더[문에스더],음악/댄스/가수,1510000,337970000,244
452,리뷰엉이: Owl's Review,영화/만화/애니,1510000,465240000,538
451,칩chip,음식/요리/레시피,1510000,249830000,39
450,슈기님,음식/요리/레시피,1510000,642950000,1433
457,보다 BODA,미분류,1500000,726170000,971
456,[삼성증권] Samsung POP,주식/경제/부동산,1500000,163640000,2823
455,오분순삭,TV/방송,1500000,2283400000,3053
463,Jimin - Topic,미분류,1490000,98400000,36
462,리콩수콩RikongSukong,키즈/어린이,1490000,474010000,631
461,sNack!,TV/방송,1490000,1343850000,2495
460,선미 SUNMI,음악/댄스/가수,1490000,558020000,298
459,Mera,TV/방송,1490000,1368470000,8107
458,슛포러브,스포츠/운동,1490000,1021180000,1165
464,주부나라,미분류,1480000,435070000,1340
468,우와한 비디오,TV/방송,1470000,1785330000,2024
467,승우아빠,음식/요리/레시피,1470000,664990000,994
466,최고다윽박,음식/요리/레시피,1470000,982550000,1763
465,신의한수,뉴스/정치/사회,1470000,1143060000,8999
473,DARA TV,미분류,1460000,89940000,221
472,CHUNG HA_Official,미분류,1460000,541260000,335
477,의학채널 비온뒤,IT/기술/컴퓨터,1460000,464470000,10375
471,Puuung 퍼엉,영화/만화/애니,1460000,112090000,475
470,디스커버리 픽 - Discovery Pick,TV/방송,1460000,589940000,1175
469,ssin 씬님,패션/미용,1460000,457780000,836
476,Rock Music,음악/댄스/가수,1450000,812890000,9832
475,BLACKHAND,TV/방송,1450000,380100000,61
474,kiu기우쌤,패션/미용,1450000,670250000,674
480,2PM,음악/댄스/가수,1440000,469540000,501
479,Apink (에이핑크),음악/댄스/가수,1440000,583750000,869
478,MOVE Dance Studio,음악/댄스/가수,1440000,324670000,4084
484,스튜디오 와플 - STUDIO WAFFLE,미분류,1430000,450810000,322
483,안구정화티비 Your Korean Friend Angoo,TV/방송,1430000,137040000,251
482,급식왕,BJ/인물/연예인,1430000,1979580000,1131
481,정선호,BJ/인물/연예인,1430000,698430000,611
486,호갱구조대,미분류,1420000,336990000,201
485,취미로 요리하는 남자 Yonam,음식/요리/레시피,1420000,168380000,124
491,달라스튜디오,TV/방송,1410000,432850000,313
490,빽능 - SBS 옛날 예능,뉴스/정치/사회,1410000,2154470000,6992
489,Partition Zion,게임,1410000,762070000,1088
488,엠브로 MBRO,음식/요리/레시피,1410000,0,0
487,양팡 YangPang,BJ/인물/연예인,1410000,1664530000,2898
494,신세경 sjkuksee,BJ/인물/연예인,1400000,59230000,41
493,K-Tigers TV,음악/댄스/가수,1400000,221930000,528
492,ARIKITCHEN (아리키친),음식/요리/레시피,1400000,404970000,681
497,SM C&C STUDIO,회사/오피셜,1390000,272110000,1819
496,KBS CoolFM,TV/방송,1390000,775970000,13298
495,프리티에스더 PrettyEsther,키즈/어린이,1390000,783160000,750
501,조선일보,뉴스/정치/사회,1380000,1152140000,17495
500,놀면 뭐하니?,TV/방송,1380000,1028870000,1439
499,크집사,애완/반려동물,1380000,377140000,707
498,딩고 스토리 / dingo story,TV/방송,1380000,397540000,443
506,지켜츄 Chuu Can Do It,음악/댄스/가수,1370000,197470000,258
505,핏블리 FITVELY,스포츠/운동,1370000,649970000,1517
504,BEAST 비스트 (Official YouTube Channel),음악/댄스/가수,1370000,630720000,118
503,Hello Jadoo TV 안녕 자두야,영화/만화/애니,1370000,442550000,972
502,사람사는세상노무현재단,뉴스/정치/사회,1370000,223110000,1275
511,SEVENTEEN Japan official Youtube,음악/댄스/가수,1360000,291380000,122
510,미래에셋 스마트머니,주식/경제/부동산,1360000,151440000,3138
509,함께해요 맛나요리,미분류,1360000,437890000,1024
508,엄마의손맛,미분류,1360000,398100000,899
507,연합뉴스TV,뉴스/정치/사회,1360000,1915500000,485022
515,제발돼라 PleaseBee,미분류,1350000,392470000,259
514,TBS 시민의방송,뉴스/정치/사회,1350000,296390000,30261
513,NALU,BJ/인물/연예인,1350000,106150000,180
512,Bandung Oppa 반둥오빠,취미/라이프,1350000,183840000,566
519,SBS Radio 에라오,뉴스/정치/사회,1340000,770050000,19360
518,Prepix Dance Studio,음악/댄스/가수,1340000,263980000,7050
517,모비딕 Mobidic,TV/방송,1340000,529010000,1668
516,뚜아뚜지TV,키즈/어린이,1340000,1000750000,1944
523,RMC Sport,미분류,1330000,728620000,30370
522,산적TV 밥굽남,음식/요리/레시피,1330000,360550000,703
521,비디오머그 - VIDEOMUG,뉴스/정치/사회,1330000,2286190000,7443
520,정브르,애완/반려동물,1330000,715260000,1980
526,이지은 다이어트 Jiny diet,미분류,1320000,168370000,165
525,공부왕찐천재 홍진경,BJ/인물/연예인,1320000,227410000,219
524,Solfa,TV/방송,1320000,233190000,49
532,Tennis TV,미분류,1310000,1481850000,7726
531,Tooniverse-투니버스,영화/만화/애니,1310000,938700000,4207
530,Rirang OnAir,국내/해외/여행,1310000,212770000,275
529,법륜스님의 즉문즉설,교육/강의,1310000,837330000,2008
527,Squash Clay 쪼물쪼물 클레이,취미/라이프,1310000,279270000,517
543,자세요정 JSYJ,미분류,1300000,105840000,147
542,뜬뜬 DdeunDdeun,미분류,1300000,166350000,141
541,노빠꾸탁재훈,미분류,1300000,189700000,99
540,퍼런안경_BLAS,미분류,1300000,352800000,168
539,헌터퐝,BJ/인물/연예인,1300000,422860000,471
538,MUPLY 뮤플리,음악/댄스/가수,1300000,446750000,802
537,AOA,음악/댄스/가수,1300000,785140000,198
536,스튜디오 잼스터,TV/방송,1300000,467520000,499
535,DGG,TV/방송,1300000,76000000,398
534,가르마[GARMA],음식/요리/레시피,1300000,464210000,1516
528,임다TV,BJ/인물/연예인,1300000,595280000,1907
533,피키픽처스 Piki Pictures,TV/방송,1300000,663510000,1634
550,썰레임 Ssuleim,미분류,1290000,512480000,142
549,뭅뭅,영화/만화/애니,1290000,467820000,3190
548,BenDeen,음식/요리/레시피,1290000,224140000,666
547,철구형 (CHULTUBE),BJ/인물/연예인,1290000,1347060000,6981
546,빠더너스 BDNS,미분류,1290000,478540000,739
545,휘트니 whitney bae,취미/라이프,1290000,331900000,313
544,테스터훈 TesterHoon,게임,1290000,1205470000,3328
553,굿라이프,미분류,1280000,232250000,2480
552,KB국민카드,회사/오피셜,1280000,235600000,660
551,Kim Miso,취미/라이프,1280000,125530000,517
559,팥쥐,미분류,1270000,465530000,103
558,Girls On Top,미분류,1270000,317540000,21
557,KBS 같이삽시다,TV/방송,1270000,782230000,7025
556,Bravo jamoasi,미분류,1270000,274230000,96
564,KBS 1라디오,TV/방송,1270000,758960000,22355
555,KBS 교양,뉴스/정치/사회,1270000,1050880000,71432
554,DaftTaengk,음악/댄스/가수,1270000,541260000,5164
565,차미툰,미분류,1260000,520520000,707
563,BloxJC,키즈/어린이,1260000,31530000,76
562,RealVIXX,음악/댄스/가수,1260000,422520000,802
561,우리의식탁 W TABLE,음식/요리/레시피,1260000,111870000,587
560,회사원A,패션/미용,1260000,488560000,765
574,나나의인형놀이 Nana'sDollPlay,키즈/어린이,1250000,427510000,256
573,토비아트 - TobiART,키즈/어린이,1250000,420520000,137
572,지식한입,미분류,1250000,149500000,159
571,수빙수tv sooBingsoo,음식/요리/레시피,1250000,522200000,457
570,걍밍경,TV/방송,1250000,153670000,94
569,CJ ENM,TV/방송,1250000,1815310000,15145
568,장지수,BJ/인물/연예인,1250000,505980000,981
567,달빛뮤즈,영화/만화/애니,1250000,336550000,584
566,[팟빵] 매불쇼,뉴스/정치/사회,1250000,629440000,1683
578,7FATES: CHAKHO by HYBE,미분류,1240000,64020000,32
577,랄랄ralral,미분류,1240000,528570000,828
576,ondo온도,BJ/인물/연예인,1240000,137320000,283
579,SUPER SOUND Bugs!,음악/댄스/가수,1240000,874780000,4320
575,탱구TV,취미/라이프,1240000,49560000,27
588,고기남자 MeatMan,음식/요리/레시피,1230000,357440000,162
583,식빵언니 김연경 Bread Unnie,스포츠/운동,1230000,88740000,99
582,KBS동물티비 : 애니멀포유 animal4u,TV/방송,1230000,1110990000,3709
581,악어 유튜브,게임,1230000,1625230000,7915
580,딴지방송국,뉴스/정치/사회,1230000,344660000,889
590,YGX,미분류,1220000,200100000,1770
589,키즐 kizzle,미분류,1220000,392310000,431
587,Coreaníssima 엘레나,TV/방송,1220000,95170000,255
586,티캐스트 tcast,TV/방송,1220000,1302180000,9273
585,강유미 yumi kang좋아서 하는 채널,BJ/인물/연예인,1220000,571370000,503
584,Official A.C.E,음악/댄스/가수,1220000,187380000,820
600,정선근 TV,미분류,1210000,63620000,149
599,Paint Jelly,키즈/어린이,1210000,1021930000,237
598,할명수,미분류,1210000,285680000,373
597,안다 ANDA,패션/미용,1210000,151990000,297
596,MORE THAN YOUTH,음악/댄스/가수,1210000,340290000,928
595,배승희 변호사,뉴스/정치/사회,1210000,396000000,984
594,오빠두엑셀 l 엑셀 강의 대표채널,IT/기술/컴퓨터,1210000,96330000,586
593,DICKHUNTER딕헌터🌶,음식/요리/레시피,1210000,362350000,484
592,haha ha,애완/반려동물,1210000,494780000,639
591,박막례 할머니 Korea_Grandma,BJ/인물/연예인,1210000,479340000,558
609,KCON official,미분류,1200000,328490000,5482
608,KBS 레전드 케이팝,미분류,1200000,1053910000,17477
607,짧은대본 ShortPaper,미분류,1200000,580280000,365
606,상해기SangHyuk,BJ/인물/연예인,1200000,392400000,776
605,MBC 라디오 시사,뉴스/정치/사회,1200000,884310000,15922
604,DAZBEE official,영화/만화/애니,1200000,542390000,198
603,별놈들,TV/방송,1200000,595780000,877
602,집꾸미기,취미/라이프,1200000,174630000,477
601,lamuqe,패션/미용,1200000,124960000,302
614,CBS Sports Golazo,미분류,1190000,986080000,4748
613,준우,TV/방송,1190000,602690000,502
612,신인균의 국방TV,뉴스/정치/사회,1190000,866060000,2938
611,rappeler하쁠리,취미/라이프,1190000,538290000,1018
610,B Man 삐맨,영화/만화/애니,1190000,714160000,741
619,주니토니 동요동화 - 키즈캐슬,키즈/어린이,1180000,1070610000,1055
618,KIM HYUN JOONG.official,음악/댄스/가수,1180000,190600000,577
617,eaJ,TV/방송,1180000,45800000,20
616,LeoJ Makeup,패션/미용,1180000,268050000,368
615,수상한녀석들,BJ/인물/연예인,1180000,270340000,176
626,양장금주부,미분류,1170000,316190000,862
625,Variety,해외,1170000,542360000,5224
624,Newstapa,뉴스/정치/사회,1170000,382140000,4298
623,마시따 MASITTA,키즈/어린이,1170000,757640000,252
622,Lia Kim,BJ/인물/연예인,1170000,69450000,65
621,애주가TV참PD,음식/요리/레시피,1170000,648700000,1404
620,Cheri Hyeri 체리 혜리,BJ/인물/연예인,1170000,174850000,489
633,Jelly Pong,키즈/어린이,1160000,160600000,6
632,해피팸(Happy family),키즈/어린이,1160000,133200000,205
631,서울의소리 Voice of Seoul News,뉴스/정치/사회,1160000,1059980000,19757
630,퍼플 토이박스(Purple Toy Box),키즈/어린이,1160000,720050000,1472
629,스윗더미 . Sweet The MI,음식/요리/레시피,1160000,119240000,318
628,사나이 김기훈,BJ/인물/연예인,1160000,823640000,913
627,코이티비 KOITV,국내/해외/여행,1160000,1004400000,1900
638,ZeeKay Junior,해외,1150000,1083190000,1252
637,올끌 (All of MBClassic),TV/방송,1150000,2137150000,3504
636,SK telecom,TV/방송,1150000,1005070000,2423
635,다또아Daddoa,패션/미용,1150000,94450000,190
634,예뿍이의 작업방Yeppug,취미/라이프,1150000,352680000,842
649,키글 토이 - 키즈 장난감,키즈/어린이,1140000,615390000,1279
648,싱글벙글,미분류,1140000,1004720000,327
647,김창옥TV,미분류,1140000,193960000,464
646,사공사,미분류,1140000,380260000,282
645,야식이,음식/요리/레시피,1140000,469430000,1503
644,WatchcarTV,영화/만화/애니,1140000,559630000,201
643,PLAYY ANI 플레이애니,영화/만화/애니,1140000,511720000,803
642,Official fromis_9,음악/댄스/가수,1140000,531080000,908
641,Toystar TV,키즈/어린이,1140000,520570000,101
640,야식이,음식/요리/레시피,1140000,469430000,1503
639,긱블 Geekble,BJ/인물/연예인,1140000,507620000,590
659,차은우 CHAEUNWOO,미분류,1130000,24720000,18
658,Boing Boing Kids,키즈/어린이,1130000,331040000,7
657,강다니엘 KANGDANIEL,음악/댄스/가수,1130000,220490000,223
656,에버랜드 - EVERLAND,미분류,1130000,420740000,2598
655,Godtuk 턱형,BJ/인물/연예인,1130000,425970000,510
654,신비아파트 공식채널 - Shinbi House,영화/만화/애니,1130000,821300000,2255
653,엠빅뉴스,뉴스/정치/사회,1130000,2742290000,6619
652,Minicar Story,키즈/어린이,1130000,686490000,1896
651,제이제이살롱드핏,취미/라이프,1130000,308540000,734
650,드림텔러(DreamTeller),영화/만화/애니,1130000,206820000,208
666,알간지Alganzi,미분류,1120000,198720000,472
665,CLC 씨엘씨 (Official YouTube Channel),음악/댄스/가수,1120000,282570000,188
664,z a m,TV/방송,1120000,794080000,3167
663,코너Korner,게임,1120000,929390000,980
662,닥터프렌즈,교육/강의,1120000,289320000,910
661,토깽이네,키즈/어린이,1120000,1491730000,2006
660,채널주인 부재중,음식/요리/레시피,1120000,1191350000,1933
677,무니키친MoonyKitchen,미분류,1110000,149930000,442
676,하음쿠킹 Haeum Cooking,미분류,1110000,187110000,77
675,랄로,미분류,1110000,606450000,458
674,꼰대희,미분류,1110000,399470000,381
673,육식맨 YOOXICMAN,미분류,1110000,273730000,220
672,TVCHOSUN JOY,미분류,1110000,872550000,4228
671,주둥이방송,미분류,1110000,633370000,1916
670,입질의추억TV jiminTV,음식/요리/레시피,1110000,494780000,668
669,POYO Music Official,키즈/어린이,1110000,880050000,1844
668,유병재,TV/방송,1110000,268490000,235
667,써니채널 Sunny's Channel,패션/미용,1110000,115100000,211
682,식탁보감,미분류,1100000,135000000,402
681,TNT,해외,1100000,713140000,4926
680,CNBLUE (씨엔블루),음악/댄스/가수,1100000,268800000,244
679,유준호,BJ/인물/연예인,1100000,580150000,1465
678,돼지저금통,게임,1100000,1859490000,4584
692,집밥 korean home cooking,미분류,1090000,488360000,1520
691,크리스 [구 소련여자],BJ/인물/연예인,1090000,192060000,151
690,woojoo우주,키즈/어린이,1090000,361000000,85
689,유키 YOUKI,게임,1090000,275590000,1044
688,PLEDIS ENTERTAINMENT,음악/댄스/가수,1090000,289350000,260
687,fantagio 판타지오,TV/방송,1090000,357750000,319
686,띵픽,TV/방송,1090000,216730000,984
685,재넌Jaenune,게임,1090000,738150000,1173
684,기리TV,게임,1090000,1326160000,2828
683,부읽남TV_내집마련부터건물주까지,주식/경제/부동산,1090000,199250000,1603
701,셜록현준,미분류,1080000,102610000,163
700,KPOP JAMM,미분류,1080000,437040000,2399
699,괴물쥐 유튜브,게임,1080000,1140310000,1449
698,정찬성 Korean Zombie,미분류,1080000,355180000,332
697,MUSIC&NEW 뮤직앤뉴,음악/댄스/가수,1080000,1282660000,9772
696,한국경제TV,뉴스/정치/사회,1080000,311980000,33811
695,CBS 김현정의 뉴스쇼,뉴스/정치/사회,1080000,640860000,14999
694,말왕TV,스포츠/운동,1080000,423010000,1026
693,UPVOTE Entertainment,음악/댄스/가수,1080000,273390000,1382
705,너 진짜 똑똑하다,미분류,1070000,83820000,164
704,TOMONCAR,키즈/어린이,1070000,625720000,501
703,유우키의 일본이야기 YUUKI,미분류,1070000,318240000,290
718,H1GHR MUSIC,음악/댄스/가수,1070000,322420000,661
702,효기심,취미/라이프,1070000,132600000,153
712,연스커플 Yeon's Couple,미분류,1060000,295910000,398
711,샾잉 #ing,미분류,1060000,3061790000,25945
710,뻑가 PPKKa,TV/방송,1060000,989030000,1143
709,Kyunghamin твоя корейская онни,TV/방송,1060000,139590000,439
708,김한용의 MOCAR,자동차,1060000,640900000,2185
707,마이린 TV,키즈/어린이,1060000,863300000,2709
706,딩고 스튜디오 / dingo studio,TV/방송,1060000,426320000,976
720,이영지,미분류,1050000,171350000,44
719,이리오너라,미분류,1050000,152510000,2054
717,MBC every1,음악/댄스/가수,1050000,1396140000,21280
716,친절한 대학,교육/강의,1050000,116990000,804
715,쁘허,게임,1050000,471430000,1369
714,우파푸른하늘Woopa TV,자동차,1050000,673520000,1988
713,잉여맨 유튜브,게임,1050000,1146100000,2866
728,[ASMR]nara_나라,미분류,1040000,195600000,375
727,DinoCore TUBA,영화/만화/애니,1040000,752370000,864
726,DanalEntertainment,음악/댄스/가수,1040000,429750000,12617
725,OH MY GIRL,음악/댄스/가수,1040000,693810000,492
724,뉴스엔·NewsenTV,TV/방송,1040000,411260000,15798
723,V LIVE,TV/방송,1040000,637860000,2821
722,라이징 보이스 | RISING VOICE,음악/댄스/가수,1040000,544520000,4400
721,릴카,게임,1040000,481700000,1132
735,호기! 핑크퐁 - 놀면서 배워요,키즈/어린이,1030000,601100000,1136
734,하하 PD HAHA PD,BJ/인물/연예인,1030000,126480000,298
733,토모토모TomoTomo,미분류,1030000,234670000,208
732,Robot Trains official,키즈/어린이,1030000,775320000,744
731,sankokesl,TV/방송,1030000,9570000,120
730,Action Story,키즈/어린이,1030000,504270000,1899
729,어퍼컷Tube,영화/만화/애니,1030000,174430000,226
736,CIX Official,미분류,1020000,215140000,552
745,Family Kim 패밀리김,미분류,1020000,199530000,316
744,메리니즈부엌Meliniskitchen,미분류,1020000,199260000,260
743,시니어전성시대,미분류,1020000,206120000,516
742,[윤이련]50년 요리비결,미분류,1020000,337440000,533
741,조여사전성시대,미분류,1020000,278080000,780
740,채널A 뉴스TOP10,뉴스/정치/사회,1020000,999080000,22465
739,텔론,게임,1020000,1191680000,4470
738,램램,게임,1020000,992200000,2835
737,볼라이트 BallRight,TV/방송,1020000,5863,1
754,GUCCI,미분류,1010000,289390000,844
753,Bus Car Story,키즈/어린이,1010000,492550000,434
752,바바요 by iHQ,TV/방송,1010000,794770000,7918
751,로보카폴리 TV,키즈/어린이,1010000,671200000,1704
750,Charming Jo 조매력,게임,1010000,415630000,1610
749,디렉터 파이,패션/미용,1010000,169520000,395
748,Sibong AI 시봉 AI,BJ/인물/연예인,1010000,64990000,973
747,U.M.A.우마,BJ/인물/연예인,1010000,273050000,147
746,소녀의행성 Girlsplanet,애완/반려동물,1010000,432140000,606
760,Toy box,키즈/어린이,1000000,192690000,391
759,꽉잡아윤기-Kwakyoongy,미분류,1000000,291870000,822
758,MTN 머니투데이방송,뉴스/정치/사회,1000000,1358050000,73697
757,KBS Joy,TV/방송,1000000,2001940000,15644
756,범석TV,게임,1000000,834130000,1950
761,T1,게임,1000000,341040000,2852
755,맛있는 녀석들 (Tasty Guys),음식/요리/레시피,1000000,1363340000,4694
762,공부의신 강성태,교육/강의,990000,323660000,2881
763,내가조우남,BJ/인물/연예인,990000,447560000,1228
764,삼대장 Samdaejang,음식/요리/레시피,990000,657110000,1514
765,과학드림 [Science Dream],미분류,990000,210780000,154
768,집나간아들 Runaway Son,미분류,990000,459680000,1028
767,SF9,음악/댄스/가수,990000,118770000,566
766,GCL 지씨엘,게임,990000,340530000,413
769,지식해적단,미분류,990000,129960000,177
770,YG TREASURE BOX,TV/방송,980000,304550000,496
772,슛뚜sueddu,BJ/인물/연예인,980000,57430000,278
774,오늘의 주우재,미분류,980000,163910000,414
773,deemd 딤디,미분류,980000,129020000,215
771,New k-pop 뉴케이팝,음악/댄스/가수,980000,10000,30
778,BIBI,미분류,980000,412340000,63
775,탁주 쪼꼬,게임,980000,2433480000,2753
777,채꾸똥꾸 (Cherry & Dong),미분류,980000,338060000,306
776,밍꼬발랄Mingggo,TV/방송,980000,1488460000,851
779,미미미누,교육/강의,980000,425970000,847
780,킴성태TV,게임,970000,861920000,2101
781,덕출 : DCTVGO,TV/방송,970000,404320000,767
783,드래곤디🎵 | 키즈 율동 동요,키즈/어린이,970000,787690000,1149
782,MAXIM KOREA,TV/방송,970000,279210000,1409
785,판타스틱  패밀리,키즈/어린이,970000,172770000,6
784,JoyKids,키즈/어린이,970000,570380000,290
810,HWASA,미분류,960000,242960000,32
786,건나물TV,미분류,960000,436360000,833
787,Dorami,게임,960000,251510000,1230
788,ZEROBASEONE,미분류,960000,79940000,151
789,1분만,미분류,960000,616160000,1200
790,VOGUE Taiwan,미분류,960000,332010000,7685
805,ootb STUDIO,미분류,960000,394890000,216
791,Yummy Waffle 야미와플,미분류,950000,1102340000,399
792,토킹톰앤프렌즈,영화/만화/애니,950000,366730000,342
793,라이브 아카데미,교육/강의,950000,101350000,1143
794,얌무YAMMoo,음식/요리/레시피,950000,201510000,565
796,법륜스님의 희망세상만들기,교육/강의,950000,472730000,990
795,Zaty Farhani,TV/방송,950000,1220230000,2781
798,PARK JIHOON Official,음악/댄스/가수,950000,66980000,331
797,허미노MINO,음식/요리/레시피,950000,412830000,2105
800,ColorMonsters Toy,취미/라이프,950000,548960000,1040
799,ALiEN,음악/댄스/가수,950000,214250000,398
801,Pink Ping World,키즈/어린이,940000,312070000,480
802,Saerom Min개코의 오픈스튜디오,패션/미용,940000,158410000,267
803,츄팝,취미/라이프,940000,468610000,478
806,달리 [SBS DALI],미분류,940000,442880000,665
804,EBS 컬렉션 - 라이프스타일,국내/해외/여행,940000,636140000,3720
807,신나TV,키즈/어린이,940000,10000,14
809,이라이라경 ravely,TV/방송,940000,481110000,625
808,LJ Dance,음악/댄스/가수,940000,173460000,3088
813,베이비버스 장난감 친구들!,키즈/어린이,940000,353840000,355
812,the BOB studio | 더 밥 스튜디오,음식/요리/레시피,940000,246780000,1196
811,팩트TV NEWS,뉴스/정치/사회,940000,375930000,7794
815,배꼽빌라,TV/방송,930000,406940000,692
814,액션홍구,게임,930000,695040000,3426
816,구불,영화/만화/애니,930000,334320000,341
817,과나gwana,미분류,930000,270160000,176
818,소근부부 S.K.Couple,BJ/인물/연예인,930000,384060000,522
819,띠미 ddimmi,BJ/인물/연예인,930000,501070000,1008
820,wondergirls,음악/댄스/가수,930000,536410000,217
822,디스패치 / Dispatch,TV/방송,930000,203790000,8915
821,고성국TV,뉴스/정치/사회,930000,299170000,4956
823,집나간햄지 Wandering Hamzy,미분류,920000,78940000,149
825,빵먹다살찐떡,미분류,920000,1144140000,708
824,희철리즘Heechulism,취미/라이프,920000,241540000,362
826,LCK,게임,920000,1170280000,7823
827,푸먹_foomuk,미분류,920000,482080000,66
829,직업의모든것,미분류,920000,467520000,448
828,히스토리,TV/방송,920000,683750000,2551
831,김왼팔,게임,920000,732520000,2893
830,TongTongCulture,TV/방송,920000,677890000,12992
832,다흑,애완/반려동물,910000,663120000,2908
834,안될과학 Unrealscience,IT/기술/컴퓨터,910000,159020000,920
833,STUDIO LICO,영화/만화/애니,910000,154600000,303
836,KBS Entertain: 깔깔티비,TV/방송,910000,1575550000,6990
835,메카드 - MECARD OFFICIAL,키즈/어린이,910000,789120000,1637
837,장범준,음악/댄스/가수,910000,585880000,504
840,끼룩푸드 seagull food,국내/해외/여행,910000,633640000,718
839,BRUSH,미분류,910000,433670000,455
838,Soy ASMR,취미/라이프,910000,205770000,607
841,밀라논나 Milanonna,미분류,900000,80100000,109
842,815머니톡,미분류,900000,379990000,6730
844,스브스뉴스 SUBUSUNEWS,뉴스/정치/사회,900000,1209190000,3867
843,PianiCast - 피아니캐스트,음악/댄스/가수,900000,294290000,112
848,프응TV,미분류,900000,284370000,278
846,람다람 RAMDARAM,영화/만화/애니,900000,128770000,128
845,성수커플 - S.S Couple,BJ/인물/연예인,900000,0,0
847,냥이아빠,애완/반려동물,900000,421410000,766
849,웅이woongei,미분류,900000,419860000,593
850,missA,음악/댄스/가수,900000,435830000,49
851,Healing Meditation,음악/댄스/가수,900000,124070000,423
852,leeminho film,미분류,890000,16360000,22
853,HYOLYN 효린,음악/댄스/가수,890000,317450000,279
855,Sophie Kim _하은,국내/해외/여행,890000,29710000,130
854,소프,음식/요리/레시피,890000,363660000,1593
856,Megan Moon,TV/방송,890000,154000000,564
858,버섯도리,키즈/어린이,890000,1237130000,1005
859,재밌는 거 올라온다,미분류,890000,398980000,248
857,고고다이노,키즈/어린이,890000,721820000,1061
860,1분과학,IT/기술/컴퓨터,880000,90830000,78
863,우가놀이 WOOGA play,키즈/어린이,880000,396760000,446
862,여수MBC Music+(Kpop&Trot),뉴스/정치/사회,880000,554990000,16658
861,Dana ASMR,취미/라이프,880000,318820000,255
864,TAEYONG,미분류,880000,12700000,20
865,연합뉴스 Yonhapnews,뉴스/정치/사회,880000,2421360000,37941
866,이연LEEYEON,취미/라이프,880000,81440000,347
867,성제준,뉴스/정치/사회,880000,436120000,2547
869,코미꼬,TV/방송,880000,362280000,749
871,코믹마트,미분류,870000,645330000,993
870,Boram Tube Friends,키즈/어린이,870000,7360000,73
868,김달,TV/방송,870000,383780000,869
872,군림보,게임,870000,782180000,5489
874,진정부부,국내/해외/여행,870000,369180000,358
873,교양만두,미분류,870000,299080000,283
876,LarvaKIDS TUBA,키즈/어린이,870000,634940000,538
875,하나키키 Hanakiki,TV/방송,870000,376430000,942
879,롤롤라임[lollolraim],키즈/어린이,860000,92920000,127
878,타임스낵,TV/방송,860000,327790000,335
877,전옥현 안보정론TV,뉴스/정치/사회,860000,290240000,3337
881,지피티,미분류,860000,338810000,1075
880,풍자테레비,BJ/인물/연예인,860000,346450000,1372
884,VIVINOS,미분류,860000,116290000,44
883,윤쨔미 YoonCharmi,패션/미용,860000,247000000,378
882,랭킹스쿨,미분류,860000,574060000,997
885,서담 seodam,음식/요리/레시피,860000,193030000,418
888,복지마블TV [Welfare Marble],미분류,860000,127330000,630
887,MBC WORLD,음악/댄스/가수,860000,655580000,5189
886,남순 NS,BJ/인물/연예인,860000,967910000,3676
889,빨강도깨비,영화/만화/애니,860000,365730000,359
891,유 퀴즈 온 더 튜브,미분류,860000,542700000,4516
890,(MUTUBE)와꾸대장봉준,BJ/인물/연예인,860000,961040000,7808
892,CookieRun: Kingdom,미분류,860000,112870000,305
896,밍모,게임,850000,660390000,2666
897,조충현,미분류,850000,346850000,723
895,HEADLINER,음악/댄스/가수,850000,227870000,210
894,동심파괴,교육/강의,850000,388020000,770
893,울산큰고래 박성주,게임,850000,750140000,3707
899,말랑이랑 with a malang,키즈/어린이,850000,566810000,713
898,머독방송,게임,850000,993580000,11879
900,HOLLAND,음악/댄스/가수,850000,32610000,38
902,쿡피아 Cookpia,미분류,850000,159370000,288
901,TVING,미분류,850000,1369400000,7937
904,스튜디오 룰루랄라 디랩 - SLLDLAB,TV/방송,850000,370940000,1398
903,펜앤드마이크TV,뉴스/정치/사회,850000,167130000,2107
906,공구왕황부장,취미/라이프,840000,261000000,640
905,Mimine Miniature 미미네 미니어처,취미/라이프,840000,182610000,188
908,JUNTV,미분류,840000,77160000,315
907,정라레_Lifestyle Doctor,미분류,840000,160490000,583
911,인생84,미분류,840000,93930000,125
910,라이프타임,TV/방송,840000,362520000,2162
909,이재명,뉴스/정치/사회,840000,187330000,2333
913,OFFICIAL EPIK HIGH,음악/댄스/가수,840000,450170000,260
912,영자씨의 부엌Young-Ja's Kitchen,음식/요리/레시피,840000,259120000,1587
914,ROKSEAL,미분류,840000,144190000,229
915,CU [씨유튜브],미분류,830000,233260000,659
916,Jella젤라,패션/미용,830000,67000000,242
918,MBC PD수첩,뉴스/정치/사회,830000,396650000,2585
917,달려라치킨 Dalchi,취미/라이프,830000,223210000,682
919,빨간내복야코,미분류,830000,670630000,307
922,무비콘 애니,영화/만화/애니,830000,317810000,939
921,TSENT2008,음악/댄스/가수,830000,396930000,445
920,[공식] 새날,뉴스/정치/사회,830000,702140000,8859
925,Enjoy Toys Shin,키즈/어린이,830000,375290000,247
924,smile -wA-,TV/방송,830000,521660000,5423
923,UNA 유나,패션/미용,830000,72800000,181
926,k,TV/방송,830000,0,0
928,미션 파서블,미분류,820000,176220000,229
927,이봉규TV,뉴스/정치/사회,820000,558710000,8242
930,• m i n a m o c h i •,음악/댄스/가수,820000,365910000,102
929,뽐뽐뽐,음식/요리/레시피,820000,88150000,331
931,로봇알포 ARPO The Robot,키즈/어린이,820000,315790000,627
932,전인구경제연구소,주식/경제/부동산,820000,123510000,1139
974,도영도영이,패션/미용,820000,72430000,207
933,조나단,미분류,820000,152980000,212
935,VICTON 빅톤,음악/댄스/가수,810000,241700000,984
942,애니한TV AnnieHanTV,키즈/어린이,810000,891030000,1899
934,김성회의 G식백과,게임,810000,241310000,436
936,테드TV,게임,810000,854260000,2841
938,놀면서 배우는 심리학,미분류,810000,119650000,463
937,ToyCheff,키즈/어린이,810000,406650000,467
940,PinkFongFongToys [핑크퐁퐁토이즈],키즈/어린이,810000,200000,1
939,청정구역,미분류,810000,411720000,1044
941,SMP FLOOR,미분류,810000,133430000,288
944,천재견 사월이sawol,미분류,810000,222330000,207
943,트래블튜브,TV/방송,810000,730670000,1611
945,임한올 Hanol Rim,미분류,810000,121540000,169
946,수탉,게임,810000,499340000,1711
947,THE NEW SIX (TNX),미분류,810000,86440000,470
949,Troom Troom Kr,키즈/어린이,810000,557300000,2598
948,JK 아트사커 온라인,스포츠/운동,810000,670320000,733
950,깨방정,미분류,810000,364030000,498
951,Jenny Yun,음악/댄스/가수,810000,129890000,582
952,잠골버스,미분류,800000,228860000,501
955,ZombieDumb,키즈/어린이,800000,430390000,816
954,카카오프렌즈 KAKAO FRIENDS,미분류,800000,467570000,562
953,순자엄마,미분류,800000,406980000,650
957,ZICO,미분류,800000,428880000,138
956,속삭이는몽자,애완/반려동물,800000,237450000,567
959,KBS역사저널 그날,TV/방송,800000,345760000,3403
958,가로세로연구소,뉴스/정치/사회,800000,23830000,392
962,Ace Art 에이스 아트,키즈/어린이,800000,414270000,900
961,Sechi,영화/만화/애니,800000,295660000,385
960,areumsongee아름송이,패션/미용,800000,79270000,270
964,당신이 몰랐던 이야기,미분류,800000,223010000,539
963,어썸코리아 Awesome Korea,미분류,800000,637620000,1257
966,Jin & Juice,미분류,790000,191150000,303
965,TOP MEDIA,미분류,790000,232830000,553
969,김지윤의 지식Play,미분류,790000,70770000,212
968,DAWN,미분류,790000,77610000,52
967,키미 Kimi,음식/요리/레시피,790000,58210000,76
970,DKDKTV,음악/댄스/가수,790000,208560000,1412
973,옆집언니 최실장 stylist unnie,미분류,790000,148750000,684
971,찬우살이,TV/방송,790000,33540000,196
972,두치와뿌꾸,게임,790000,1643120000,14940
975,Heejoo 희주,패션/미용,790000,23030000,127
976,마재TV,게임,790000,568360000,3586
977,연다,게임,790000,642920000,2407
978,핫챌린지,TV/방송,790000,54430000,52
979,국방TV,뉴스/정치/사회,780000,835410000,13072
982,밉지않은 관종언니,미분류,780000,240910000,334
981,쿠쿠크루 - Cuckoo Crew,BJ/인물/연예인,780000,549520000,884
980,sissel,미분류,780000,32150000,258
984,핫소스,미분류,780000,385150000,308
983,EBS 컬렉션 - 사이언스,애완/반려동물,780000,308320000,1825
985,원지의하루,국내/해외/여행,780000,146100000,351
986,CL,음악/댄스/가수,780000,66200000,5
987,휴먼스토리,미분류,780000,276300000,300
988,BRANDNEW MUSIC,음악/댄스/가수,780000,433250000,1488
989,MBC 미스터리 : 심야괴담회 X 서프라이즈,TV/방송,780000,437980000,3174
991,하알라,미분류,770000,273430000,368
990,123 GO! Korean,미분류,770000,312370000,565
993,성창경TV,미분류,770000,1211400000,18454
992,제이제이,TV/방송,770000,271230000,734
996,시사포커스TV,뉴스/정치/사회,770000,1079110000,45811
995,꾸삐KUPI,키즈/어린이,770000,576320000,999
994,솜이네 곰이탱이여우,애완/반려동물,770000,531880000,1806
1000,빅페이스 BIGFACE,미분류,770000,184320000,143
999,tweety 트위티,TV/방송,770000,152420000,275
998,UTZI웃지,영화/만화/애니,770000,6500000,13
997,뉴스데일리베스트,뉴스/정치/사회,770000,248950000,2964
